Display Name,Alias Names,Channel ID,Group Name,Nationality,Importance Level
##Taiwan Vtuber,,,,,
鬼鬼,,UC7SHHIlKiJs_-ORerKPL1kA,,TW,0
梓凜,,UC9DljBnS6LkeM08llrd_mJQ,ReLive Project,TW,0
高雄林小姐,,UCfwIUmAj5QKbaAxHoOR-23g,,TW,0
貝莉莓,,UCPYNvBYZ8ClPPJ6274K4rVA,,TW,0
杏仁ミル,,UCFahBR2wixu0xOex84bXFvg,,TW,0
紅月,,UCKb2UlUynRoH9haUohxtM8Q,,TW,3
鳥羽樂奈,,UCFEd5V7VcxBPPcuMGpmvkQA,,TW,0
香草奈若,,UC4J0GZLM55qrFh2L-ZAb2LA,CyberLive,TW,0
璐洛洛,,UCRf7OJA3azS4RsGd_G96FUw,,TW,0
悠白,,UC-o-1qjKkMLq-ZFxXIzOUBQ,,TW,0
虎妮,,UC6s0wLR0TZauzTVoGGw2r6g,,TW,0
泰多貝亞,虛擬熊頭,UCzHbCUKXn65icryUIgn1ETA,,TW,0
兔姬,,UC0u_-3zgLkSYpQOxlBi-5Ng,,TW,0
Asa Ifrit,,UCxm2qC7Z7cjDAd6yPyl-sKQ,,TW,0
灰名,,UCN7sEdAjj4Q--al9pDsCPOg,,TW,0
喵太,,UCr1m3SYxD89MHQmh8EynAVg,,TW,3
空,,UCyZZMKRn-mUEkPzaqa9b6bg,小倉電子企業社,TW,0
Naya,,UCLTe-8-BQUDdKPcJx_DmLgw,,TW,0
藤乃熊,,UCmyDLzP9ZBAK2JO4kUuJMRQ,,TW,0
三毛,,UCPqYxut8IQxG4HAMrJx5ffQ,,TW,0
水野魚娜,,UCjj4xu_HzcrOr9Jsltw0gCQ,CyberLive,TW,0
平平子,,UC2yG-9ekUwTs8Q0yMSycMxA,SquareLive,TW,0
鼠屋栗太,,UCsvSrfDReAqYM32_VW8t09w,,TW,0
十五號,,UC_UqaRNrLcaL4fp2IAPV0OQ,SquareLive,TW,0
諳石,,UCY3SeRGl6ty0I4DqVeZ5f0Q,,TW,0
一介,,UCNOgKLQi56Jwbv4KdobWa9g,,TW,0
夏玥白夜,,UCnkeI-RYkipUFpRAv5RKXSg,,TW,3
星見遙,,UCl1RVJbkPnpNbO9-CsDqPmQ,比鄰星域,TW,0
須多夜花,,UCuy-kZJ7HWwUU-eKv0zUZFQ,RenewLive,TW,0
蕾兒,,UCDb47NT3QzoCiorDtK9C_qg,ACGlive,TW,0
風絮,,UCYPSP_gJ-BcREmsDzBIaRvw,,TW,0
祈菈‧貝希毛絲,,UCykgAuIjn70_CXLNjZ8zppQ,SquareLive,TW,0
TSMATCH火柴,,UCXzEDlhV7wJuMY4c-Fvz7uQ,,TW,0
夏日葵,,UCLZyaaUwBw2ZvwLt6uY3_bQ,,TW,0
魔法!,,UC1oG3SdlNPj_WrokDgtpljQ,,TW,0
姬宮優花,,UC1d1dmxkh_yanq1U1gli7jw,萌元氣,TW,0
いくせん,,UCKazkVudNQs8ZhwfXj_RNPw,MOMOMO團,TW,0
瀰婭,,UCIR0USMXU0r7N8spBJHNA7A,萌元氣,TW,0
邱可,,UCZVkCI9NKz7q9JVW9oiTQJA,ACGlive,TW,0
希靈,,UCM1nL55m_QImE0ZRqvGmWWQ,,TW,0
綾瑞香,,UCYuCbE3H9xmR8_HSFizYFYg,,TW,0
夏莎莎,,UCaN_Pq3x9pzhb7t9KhxQm8Q,七二二軍團,TW,0
LMPAPER,,UCSm_fWnT4OiXPMetcjaMOZQ,,TW,0
祈霓,,UCtWuTDvZeZ09COJ2SjfESzQ,七二二軍團,TW,0
綾賢ラピス,,UCb_9R8SZy_HSJi53zxVh7kg,,TW,0
Lumina,,UCc5cZPorgyc23wKN-Ng1R6w,,TW,0
紗夏,,UCQucf5TmsGZZPE-zpC9f5LA,MOMOMO團,TW,3
蝦拉拉,,UCfSznBOuXiDxON_YUMCSFiQ,,TW,0
楠橋詩耶,,UCJbu-IrgxPITxHMdwbSnAUw,,TW,0
秋月莉莉卡,,UCrErB2CzJ-ZWl8KO6Jw7W7w,RaZerStar,TW,0
天堂密室,天堂,UC7P5GH9nvcjP120r62h3v3g,,TW,0
卡滋可可,,UCauImUa4IByz95-SxBDWZTQ,MOMOMO團,TW,0
鴨鴨伊比,,UCH9Yw2PyGW0AtGltOuVcq_A,,TW,1
狐媚娘‧達亞,,UChl9chAone90455JN7RHvWw,,TW,1
罷工,,UCLLbop68_DIW8bTRMOCO4iw,,TW,1
櫻野露,,UCgL6PS1vba90zrZW9xmiwng,Blossom Live,TW,1
観空部,,UCbTckg5xc-aEg1mgHsE8ocQ,,TW,1
艾黎,,UCH9URGhHQ_MFnp1RlW9_Iwg,,TW,1
Joyce昕,,UCW1NDsRkcxldlZNTUsdUyBQ,,TW,1
狐太れお,,UCwWvT4KAio6qGG-2KERUgKQ,,TW,3
布魯斯,,UCl7ci9Pexnjf7UGpWxqj8qw,,TW,1
南琳,,UCHMCwtilDcB7Cc30D3KrqvA,,TW,1
星形KARAS,,UCHBrsRdgAR2Vo0SroozG9bg,,TW,1
撇嘴耳包前滾翻,,UC6_38mg79k2C8HiHqOaf8rA,MOMOMO團,TW,1
uiru,ウイル,UCaa4SgE0_vAs1lLnEmOsbHw,,TW,1
小森,,UCwrdKu9P0y7D2SXrCNbjRyQ,ACGlive,TW,1
西園寺兆兆,,UC7yJ25m6i60LH1hBuwEDdjQ,,TW,1
塔芭絲可,,UCXe8hqIk_Yap31y7EOCMdzg,Mirolive,TW,1
鬼塚魅華,,UCnG1Ni-_2RJrpYJhikWrScQ,萌元氣,TW,1
仙貝兔兔,,UCAN-OUkSXeJIMHU9Iogxl7w,,TW,1
Shaya,,UCU8O__T_J93Cnoi6HoRoPow,,TW,1
蘭希,,UCYLYzg2BRjpDIf-damyjJRw,V-CLUB,TW,1
斜胖,,UCgZRGc0TCCiqbg0ylhKg3Rg,,TW,1
砂糖,,UC7fLSw4NeZwViAz7oX54Mlg,,TW,3
櫻坂くりこ,,UC9gLGP1Al6npy1XiypTQ9Wg,夜貓森友會,TW,1
海姬依莉亞,,UCv_W2ZpvfrLAzsHqtjWGKYw,RenewLive,TW,1
希莉亞,,UCOpI60ey2pDJnmV2T351AOg,,TW,1
貓耳小宇,,UCFlS1oO__x1JM8Z-0iUR14A,,TW,1
周默,,UC-uFyVEjZgI9cX-ozKqD0iA,超異界通信+,TW,1
嗚夫沃夫,,UCprlKrFgmLW4F_Ec80PWuCw,Psycho Fantasy,TW,1
墨子,,UC17uKGuqg7x6emXUIVvylSQ,,TW,1
喵控,,UColGLoTgNEZJg5eW7KZnUJQ,,TW,1
羽蔚陌攸,,UCS8_3lt1UQlgFxN8BPf0lmA,,TW,3
水手緞帶,,UC3iQgHIZAPOGG-1LKvINzoA,,TW,1
雨宮夢,,UClQot-XYs9KQ2fmItSz4IjA,,TW,1
希爾艾姆,,UC7uqtUmvZTvLY5WbH_oBw_A,,TW,1
冬華凜,,UCzNRceCYIomBHAcdOJGCRAQ,Mirolive,TW,1
草莓電波,,UCqVYB41Vbfp9-kW6xHJxxDw,,TW,3
阿露比,,UCsqUknuSgEZ2GTtDWv-f10Q,,TW,1
星眷蕾米,,UCF_Hh28RAiYTRm-NUyi-MqA,RaZerStar,TW,1
茂矢門,,UCG1CCGxoUUJzPeCdsDk3B2w,,TW,1
詠星優宇奈,,UCHJyr2QQWGASn7FbodVh2aQ,Kiseki Plain,TW,1
蛋塔レイ,,UCSXzy4mCCxiFkFjs1sxuXGg,,TW,1
紅茶拿鐵,,UCUQ5NMAU3sUXVjipTmNiDTg,,TW,3
結月,,UCb9Zg0yIbJEjgTQUK1LfpRg,MOMOMO團,TW,1
南心詠,,UCSBG5KBsczK0mqDxGzZGJFg,Blossom Live,TW,3
幽々魅,,UCB2Bq3iamct4YWmk6oQRDLw,MOMOMO團,TW,3
雙命裂,,UCtKyM4DA8CyCAm5LGsvUsag,MOMOMO團,TW,1
莉莉絲‧伊芙莉登,,UCV1n5iZ_w0uDr4V7PhsDl-g,,TW,1
凌千歌,,UC262ifYFjsiCaLM3JaXv3AQ,,TW,3
麻子マコ,,UCR_lIhYdX7XLIVytgEVSrfA,,TW,1
CiCiCi cirycle 的 荒荒荒,,UC1VHup-b6HHii5i_zeMHUpw,,TW,1
尤里‧佛瑞斯特,,UCcLBxo0HmwMDKhzXnNUmiIQ,,TW,1
露恰露恰,,UCmyc8eVR3G9A7hjaHsLR6NQ,春魚工作室,TW,3
罐罐,,UCoSGr8sdbve0cc8aXs4t4cA,NPC,TW,1
阿紋,,UCKUC7b2YgzGVG69HVKrnXrw,,TW,1
鴨鴨山,,UCDHM_49YlYNTCvACcool0Gg,,TW,1
雨恩,,UCsQ0mN276VojOuR4PyNDX7g,,TW,1
神無月ミハル,,UCNzyo1nLyO3Dmwwgbu-ucSw,,TW,1
煌煌,,UCBZNHzMvze3twALODcCIBVg,MOMOMO團,TW,1
白色砂糖,,UCRy4Om8mlek-PSuaGcaddoQ,萌元氣,TW,2
天堂島灯粋,,UCFD2Up8P05tlyXE8JLGdg2g,,TW,1
花原蜜子,,UC8k8tOQXY74PjfYQAGnvvVA,,TW,2
喵比,,UCzl1nssy194k3GYR9fMBgqQ,NPC,TW,2
夜見愛夢,,UCgYobGgRQSOS2NMbNAGKtuw,Kiseki Plain,TW,2
森奈リヤ,,UC8cq7H51mc7jI3LbxUoQENQ,,TW,2
白狼ゆざい,,UC3EbIzDPqAFX_Qh6dV_komA,,TW,2
Salty Ian,,UCCihPFnCKXL6XjJOnerFp1A,,TW,2
MxM•Mir,,UCTEwmUT8T6EA6MMBQ5kO-yA,,TW,2
桐櫻,,UCHGmdwARRDMkvhgQG9r1GcQ,,TW,3
噓你吉娃娃,,UCzDR7vKAgJATmBeUsE3b8cQ,,TW,2
七海千草,,UCXwua0ed57b8mQPytzv3gdA,萌元氣,TW,2
神夜奈央,,UCfb_ty95mFMM-1jBdpborTw,,TW,2
紗羅,,UCZuQvHMvbkuPOT8MpDVgh_Q,,TW,2
小岩井波波利,,UCeyw6iAIljXb9yN87ZuwB3Q,,TW,2
龍妹,,UCdEuaroNsKxiUOPoBumnJ_g,,TW,2
椎南月白,,UCGQ0452yHwnPsHTpcbdU0ow,,TW,3
隠岐スダマ,,UCDuOtNGvUixGhH2u4SyIcTA,,TW,2
解凍三色豆,,UCaH89cKtbM4SfOVZqCBjWmw,,TW,2
Aoi Hinamori,,UCJSBNjYCB1pu_t0FajsY17g,KAHO-FAMI,TW,2
緋尹夜,,UCAVh0Elx_7eImXZ2pBMhz6A,椛花夜露,TW,2
草鈴,,UC24VfLW6TODSoa36tot94CQ,MOMOMO團,TW,2
蘇菲蕥,,UCPlH4u0HPfenK8Agsge6U-Q,Kiseki Plain,TW,2
奈娜娜,,UCIphpjAa1ruQRSNIGDz8ffw,,TW,2
黛亞門,,UC9H8RQ71mk0FBrzowN59k8Q,,TW,3
朱道,,UCsU_EiSw_cY4MNdvcNrFhHQ,GS＠Virtual,TW,2
喵尾,,UC_3DiJ9KCPr94igKq1aSNjw,,TW,3
欣希亞,,UC6Tm95waoh3j4xT9vYsM4sQ,,TW,2
萊菈‧希格娜斯,,UCvgbuonmEURc7sGXLWPUYDQ,比鄰星域,TW,2
冬田獺,,UCC1tfMhqwEeFJD3pkNhpuEg,,TW,2
狐火ヨハン,,UCqipoCR5ivd9bfiv7F5OrQw,,TW,2
鳳梨,,UCOuJKc5wDEZmPEx3z6xfvbg,,TW,2
銀鈴‧希爾貝露,銀鈴,UCwO7OC8he-XAkrDNvGe5kXA,,TW,2
小闇,,UCvqipeBytPdue6nHR1y-l2w,,TW,2
Wani Zavir,鱷魚,UCa_-DbZX75w0fggs5Jak1Pg,,TW,2
可諾莉,,UCRi_JcuKneF0wUCC2zKIX0w,GS＠Virtual,TW,2
春卷マキ,,UC3301GJ2Wnc2FwN3hKfQqWw,,TW,2
諾櫻,,UCgVuzUu24q8KIDOjJcmCnIQ,ReLive Project,TW,2
兔乃艾露,,UCjSOYNtHGZ6LTt4Zo6wPmaA,萌元氣,TW,2
摸魚企鵝&廢人虎鯨,,UCx1HKw9IJ5U3lHRdEvggPag,,TW,2
小小雪,,UCQymE4njJ-t9oahwX9-iC8w,,TW,2
蜜番茄,,UCaW5x2VU0K3YO56bNAnVODQ,,TW,2
神無月嵐,,UC73PP6xCYSgJ6HDVAvCQxUw,萌元氣,TW,2
松果靄梓,,UCDvNzvaRriONOWLP5IZuuhA,,TW,2
Kulolo,,UCzmIVOLpiEAhIMUiKK3q5kg,,TW,3
如月柚,,UCNSd5fupsZmhkXNkq4K8bvw,,TW,2
吉姆,,UCqwae8F5d7iwGdf9e932K5w,,TW,2
謙謙子,,UCIZAoDI6cvOuGiiBDE8W30w,,TW,2
Yoru,,UCpIasNK7ufjOoNwrA8Lt5HA,,TW,2
灰妲,,UCx7GU8C3cr7vqp_SbS-8P-w,ReLive Project,TW,2
AYAYA,,UCdXj3CIYG5t_djZUiVf3DtA,,TW,2
夏樹きよし,,UCApwCqmHCddqQkAObr-CqdQ,,TW,2
貓澤路路,猫沢ルル,UCUazk34P9ao_93Myb-EQz_A,椛花夜露,TW,2
佩爾戴斯,,UC_iAz2iAlZ338H_xRflJeWw,,TW,2
高維爾,Cowell,UCE7IKtGwecu9CifcuAjR_2A,,TW,2
寶石玫洛,,UC2eDtD9CyopsMeQxPlHnOkQ,,TW,2
白神やみこ,,UCTsfo0Wfr4zon81yoRCtLaQ,,TW,3
黑野悠真,,UCW21m4m4Sqg5eM2EEh-o1JA,KAHO-FAMI,TW,3
墮天翼,,UCEt5MBDUe4Q7yVW5qRwCelA,,TW,3
菜姬,,UCGXEKCaYAW0u0Cs2u6Wcchg,,TW,3
水羽ほむら,,UCt3sb-VzKeQtomYXqAqaKPw,,TW,3
白椛芽絵,,UChQaXgbaVBSpEit0Zf0xaSQ,椛花夜露,TW,3
可莉姆,,UCJxsl0FdjW0FY4iqzx7mKYQ,,TW,3
黑鄉羊,,UCu1aAYNDCh42pwNHVd_rprA,,TW,3
からみ,,UCX1XXmxoDTFYqC_zar9N4fQ,,TW,3
雪莉·啵啵,,UCeIi12njfSExM8V6LGdTrFw,,TW,3
凪沢ねろ,,UCAU7qU-KfdXBQQlUrQwpT0w,異星觀測站,TW,3
雪森蓮華,,UCRfdQ6WUwxfkXKQ0R0r81ew,,TW,3
守宮雨玥,,UCSwNfY3WEQ6Vt5ri1FVl_XA,,TW,3
死地十藏,,UClhpadNCC-FQZoAJERqgoYw,,TW,3
皇月依璃夢,,UCA9zKYpV9vLdT2DmNMsT6jQ,,TW,3
蜜瑮恩洛托,,UC4JivohUPR7gJLOZ0HiLA1A,Kiseki Plain,TW,3
北斗香菜,,UCIzOGbR1J-cV3UjRxOURBOw,VTCF Project,TW,3
蜂蜜布丁,,UCGgyxauNnwoD0vvorJbjGIQ,,TW,3
Alter Me VR,,UCVfKs8W2K2Mz7UXgfbHsDGA,,TW,3
if.凛々,,UCfHrEhOUe8OVuzA6zxMezOw,,TW,3
季依良鶴,,UCe3iIp6XW5O1KuBxNxVDoLA,,TW,3
諾茲托特,,UCznSbqN3e5-5-C325wT081A,,TW,3
夢藤修,,UCRb4BTZTOl2J77-7eX5qgsg,,TW,3
蕾蕾,,UCPbsFPbciM6MIc34znDP1QQ,,TW,3
竜崎げみ,,UCXnjmzvdDYLKuvMQRCLO6TQ,,TW,3
小羊許普,,UC0JzxdDAwzAN-Yzc_3KR0ew,萌元氣,TW,3
亞德‧薩達格,,UC8ilHKp2vLq6HdX3UevixWw,,TW,3
伊果,,UCh-Q3CeZo3C9TUFIGAWByig,,TW,3
隨心,,UCPnyAzspEIi-QTt_j4Yg3Rw,,TW,3
周タイナン,,UCZFC4IJ-W_BefQdGgeO8p3g,,TW,3
Loorent,,UCCPZ7cjyiZd15lCHz1FaGAw,,TW,3
菜包,,UCEaqVhpcLg7FCv4RsoDJ2HQ,,TW,3
鬼崎涼,悪道魁涼,UCRbpT1E6aqHxY0TffauHbgw,,TW,3
山尾白,,UCtfwu_vVm3yTUctd6iklzaw,萌元氣,TW,3
一河絆,,UCbyrS4bwdV8Dv2RwFmPDEZQ,,TW,3
猫橋ミツキ,,UCqZt2XLdhv1YUk3DtjHsHNg,,TW,3
森守モリス,,UCI9bWjJz8q5i98jvuurDGvA,,TW,3
庫麻,,UCUMwanMztK0Y-T-ns3bMR0g,,TW,3
賈翔,,UCtJ4exfMT-7kHs2VjhPio5A,,TW,3
愛吃餅乾的布丁,,UCqpLIJxfSbjcUwipEmhboiw,,TW,3
熊太趴趴,,UC5vdaDuDexicUeSTGUJCxBA,,TW,3
苺谷唯乃,,UCyqXq-Eae_lqjksO1yGHXJw,萌元氣,TW,3
楓靈,,UCN8rBZfogHpJmBSx6PGFusg,,TW,3
巴里斯,,UCHtrMQI1mzpmiNr2q4zhsTw,,TW,3
宮森繪里奈,,UC3BSBOD67u9CUmpAakbhFkw,Miragion Studio,TW,3
彌艾,,UChXS2swXfUqXy7cldGCNPVg,,TW,3
嗚洽ゆき,,UCfuL6nfpOBStOrb0cwRgb6w,萌元氣,TW,3
日向魁,,UC8Qe-0ZM9KazJhtupf3qvPQ,,TW,3
朝日陽奈,,UC_AMWhTw597EVk4EQdok7_Q,Air Live,TW,3
空嶺ナコ,,UCS9qDsi5DhKw0FHjTW3_9qA,,TW,3
對馬千里,,UC3ZMLedmq-ls2VApxVkmjhg,,TW,3
姬宮莯莯,,UC-IeqqrlLCTXckXexIE_T3g,萌元氣,TW,3
水母暮暮,,UCDL212a4xEKwwNexFc5IUIQ,,TW,3
姬宮蕾蕾,,UCAcPHI5Z0BkQSbFAmxcNLEQ,萌元氣,TW,3
Money,,UC05vNpgpEZ96Di2l2bg7-4A,,TW,3
ﾊﾞｰﾁｬﾙアルパカ草泥馬,,UCwcVH6I4m-wki2-pQNyzWiA,Virtual Dorm,TW,3
艾露緹娜,,UCwnQ3FZFxhHg_mL_UCnMUDQ,,TW,3
十龜あずみ,十亀あずみ,UCuK8dcy5v5ngOEnj8RSL8Dw,KAHO-FAMI,TW,3
岩谷凌,,UCrsdSoKkxGObZy9fsEAjFWA,,TW,3
白川フロ,,UCbdwkPLIDX6k0BEC_IuSliw,夜貓森友會,TW,3
桃井甜坂,,UCnJEyzHfD3mfLFADnu55D6w,,TW,3
繭眠,,UC7giliMJeLyow68hd_i0DpA,,TW,3
雪喵,,UCvs0jZAPbyxPGRLqlk3BssA,,TW,3
如咪,,UCzLVOZ8QZxuA7e-l-NfPLpw,萌元氣,TW,3
天狐十楠,,UCyQ9Lu4yE4lQxMs0SrrvNvw,萌元氣,TW,3
魔妻Ruly,,UCdzTYscLRjx1o-0n4HWtW2A,,TW,3
夏音,,UC4OFbELY9JRjmFlKTyebehw,,TW,3
米羔蛋糕,,UCYvguEqhAdoHHQEDQZerH3A,,TW,3
帕露菲,,UC0xXBGnLzpTj61PCq7nb-jQ,MOMOMO團,TW,3
斯比,,UCEThsdDQzJ0GpHvyh__aKcA,埃及少女組,TW,3
白叔叔,,UC3BtyXlM4pFR-ixa9uuQXOg,,TW,3
毛絨雪狐,,UCWbba2g-jli2Jeq2gLlWySw,,TW,3
黑鱗,,UCfaF_aicMRzanfVGmSp04Hg,,TW,3
淮青ふるみ,,UCRJVoFd2Ais2rrSKjR2_Z7g,,TW,3
雲龍八將,,UCsi9DTrwFRbNLagOgiddnkg,VTCF Project,TW,3
青羽ミ,,UCnAKol-fK2deV7QKfZY_ZyA,KAHO-FAMI,TW,3
ELA,,UC_RcZ1Qn7D9xMOEnEojfbNg,ReBirth,TW,3
姬德月兔,,UCQ7LEl1uXMrpG21y8A1H3aA,,TW,3
冥雪,,UCECW030q9wmUQ5FL98_dhhw,幻雪琉璃的夢境,TW,3
貓村‧艾斯特,,UCV5p5X-NmnQV7QoWJTdLkPw,2VR_Studio,TW,3
闇雲あくり,,UCPBtb_vUbLduPNsNhHMJ_PA,2VR_Studio,TW,3
小森未央,,UCpsElpnUji_pEVp8_Mo82YA,Air Live,TW,3
夢乃ミラ,,UCUeB6BT3q7-2X0RUbm3ZiXw,Jump20²⁰,TW,3
鴉,,UCs7h03kjQ2VtKcInbbJnsRw,KAHO-FAMI,TW,3
黑木悠彩,,UC2oSg42GsQ7sdeNSUH2hpZg,KAHO-FAMI,TW,3
車車,,UC3z-p2QGM7ufw3EdbecCZJQ,MOMOMO團,TW,3
白秋澤,,UC-Niey71pc-Y9JDxv1-CtWQ,Miragion Studio,TW,3
優尼椪,,UCYdreHEwTCcaMQ13hkK_dbw,Psycho Fantasy,TW,3
向日葵茄子,,UC3IEFVV3d_BPwk2ssThijuw,Psycho Fantasy,TW,3
佐藤サキ,,UC0OD1_FzHns4-JRHdSJhJ5Q,ReBirth,TW,3
鹿遙,,UCDMDdgB7yiYQT_Q08mXqSvg,ReLive Project,TW,3
薩利赫,,UC1EPyl2m6Ki1t4tp_8efWOg,Soxius,TW,3
猫目ひな,,UCFHorQKnxM2xt7fbFOXOtlw,TOYBOX,TW,3
DeeDoo,,UCV9Qu8yPSY2X5tQ_lE14ZEg,V-CLUB,TW,3
氦氦,,UCTjRcJ2NcEf2DdVuPjVH4dQ,V-CLUB,TW,3
帕芭,,UCrFYPr-40zzQbUgqziFyR1Q,埃及少女組,TW,3
夢,,UCSOpxKLXctMuO3Q1LFSHs_Q,幻雪琉璃的夢境,TW,3
荒幽ばつ,,UClm0FgHwlkz1AxtAJVD-bvQ,異星觀測站,TW,3
愛夏香音,,UCRJa1VRDsYwaLlML0PLYcNA,艋舺會社,TW,3
Loya,,UCbk-c2dQoVcrNb_OtVgepUg,萌元氣,TW,3
冷嵐,,UCDR73i_Lwp-aQSwMzUX-61A,超異界通信+,TW,3
浣路網熊,,UCVVJ9TeuNrNH6hmVPIHgpfA,超異界通信+,TW,3
米秝,,UCONYP_nirv_ggafbY0LXJlg,超異界通信+,TW,3
レレイ緒文,,UCslanE8ufZ6mnEXyC1Z3vSA,超異界通信+,TW,3
伏尼狐狸,,UCVS0Fz8KerrUdaxEsCmMbNg,超異界通信+,TW,3
歸家WANT！,,UCftYR77MPeodTgYv-3oK17w,超異界通信+,TW,3
迦蔻天,,UCqDr67mTVwqgGPI2Q1lv0HA,超異界通信+,TW,3
金架海拉,,UC5MvrBsD6i0UOZYwtn2dfjQ,超異界通信+,TW,3
波牙克,,UCN6WNjMDWGgLMz5CpYgWH9g,,TW,3
MitsuAki,,UCJtDtV3mBzkd61blOr9Pofg,E.M Team,TW,3
Rizumu,,UCKPZ8-kWwhmDvAQ85K51FyQ,E.M Team,TW,3
八重「雲」,,UCgOFPDmRWGQsebwAAro7bYA,Granto,TW,3
西婭,,UCNkdNVoAajTdifBkONRwrcg,,TW,3
魍魎部,,UCiMa509Rn-6XpGAklE_guMQ,,TW,3
舞鎌冬,舞鐮冬,UCQIBc6-tniGo9h9l4XnEJ1A,萌元氣,TW,3
角獣ヌオ,,UCAlm-nre4zHlTE11wdSQZtw,Granto,TW,3
星之川倷緒,,UCCo1oV47p2_gX7AgCMDisVg,Mirolive,TW,3
星之川涅緒,,UCkTQ6gRCQPR_FbLXWakP6OA,Mirolive,TW,3
喵朵伊,,UC7VNrZqdH_t8dLMdrp0NrJQ,,TW,3
雪花冰櫻,,UCUSgLBK_dyTCdoYCmZKKMwA,椛花夜露,TW,3
優優,,UCdQhBJFznF2Mj-YYbfyzBOA,,TW,3
小倉亞里亞,,UCIHa1U-5IxP8KK5mcLeAymg,小倉電子企業社,TW,3
SAYA,,UC846AKDFaMc_n-pNcMnyU6w,萌元氣,TW,3
鬼崎魁,,UCsbCCK4-Z8J3PSjpk8AY3_Q,,TW,3
梅莉帕可斯,,UCa7Cbx4buXLgY2d0Km19VPQ,Mirolive,TW,3
晴乃森,,UCv6oLxnNxHuGjidunvhdseg,夜貓森友會,TW,3
源犬太,,UCuM709BhGrE8RzvcLoXLVfw,夜貓森友會,TW,3
翠瞳四靜,,UCNEDT47m6nFynNZ9uGN1rSg,夜貓森友會,TW,3
月城九曜,,UCeZSiI9Kcyld9AjLuUdNKkA,比鄰星域,TW,3
小咖,,UC1i12Qt6ih_zDOI-8xIX3oQ,,TW,3
醬油Mochi,,UCy5l7iZCTy-alDJ9rL5kuXQ,,TW,0
明石巴,,UCn7yLE-mf2l7Xhj5MwdZNNA,小倉電子企業社,TW,999
藤本莉子,,UCz64YOBz4u8OM8VBE9f17BA,,TW,999
桜井ゆりか,,UCC0Xdh6IJnNBu9A5SnYCchA,VirtualLive,TW,999
綈賽兒,,UCCYqbMxIkK1-_0XYluxkEdg,VirtualLive,TW,999
佐香エイド,,UC4-1bHzCnMD7eNo2GukJHHw,,TW,999
宇佐美,,,TOYBOX,TW,999
林富貴,,,艋舺會社,TW,999
##Hong Kong Vtuber,,,,,
說書客,,UCa6rKAjusYEugf3Y6sPGTFg,,HK,3
如月ルミィ,,UCJcKh9mwJH4zhHsU4NDs54g,,HK,3
榎川幸,,UCQa-7tpKlLW3pnPGAyMPgsA,,HK,3
米亞,,UCVDrzfo7NnOvNx8dU-Ebitg,,HK,3
MK妹,,UCO62chyehk6pX7OitrnJAUg,,HK,3
723,,UCPRoAQz0i7KetoGKWKh8c5w,,HK,3
狛井葵,,UC3ATN3Eemy2g433RD5WAkzg,,HK,3
小林あいす,,UCnwgM2M3C4JOVdOZ0OLu_bA,Mic On Project,HK,3
米良アイル,,UCYXtBPnxZPX_cm6AZlRETYA,,HK,3
店長奶茶,奶茶,UCrDNMQM1YpexjMEpWlShD5g,萌元氣,HK,3
萬夜尋,,UC2QPGOv1S8D8KmYgWxI45BA,,HK,3
水屋砂糖,,UCgoD_Nc6f58_32QEGAaz77g,,HK,3
凱婷,,UCE8b1BywujYbTfVG8Zzw42w,,HK,3
日暮ない,,UCQTzV7F1I4ArD3ZILwiD4Ow,,HK,3
天葉亞里,,UCAKfXCjHzXy-l28obgYowPQ,,HK,3
Yona Moana,,UCN-UqaaVDtQx1uKMUR3-cXQ,,HK,3
紡霊拉比,,UCcqFEaA2YzmtGsCoBGBLCbQ,,HK,3
神崎涼子,,UCbZTKDpT_FeGnyanuwzUpYw,,HK,3
咪久,,UCf-dCuo23jTbhPGsBC3nuLg,萌元氣,HK,3
津路あさひ,,UCpRvDROmu_ohG7BMBohSwSg,,HK,3
赤羽はる,,UCQkiXjQ-h_jxo2t9Tvt6-QQ,VirtualLive,HK,3
望月ルーナ,,UCKiWJEjJw-zGW_Co_kJt5dw,,HK,3
卯月瑠花,,UCPLVjyOLB7uOt_gtwwQx7TQ,,HK,3
十七夜佳奈,,UCpWpaKzmuJhSkYe-B-179PA,,HK,3
黒佃みほ,,UChYCmHQF_XwBnYLLvBgemWQ,,HK,3
風子ひかり,,UCDZoqqguj2RYbve4ZX_pgtA,,HK,3
卡路‧卡諾,,UCGUEjJpbqkaXlJQYyiceZyw,,HK,3
黑りんご,,UCL0imlchw5iO5vEHgeJHLsQ,,HK,3
彼岸るり,,UCXW9RKZCOgSWfj92zhQqmkw,,HK,3
夢見はじめ,,UCeHI_KnfWCrpZs-t_rmgERw,,HK,3
如月兎苺,,UCx0Yy7_fAzkPUjCoLgDTc2w,,HK,3
草妳莓,,UCDZzpEatiy7s8qCankKW0fQ,2VR_Studio,HK,3
黑暗,,UCN4jFjTbtW7z7nBMOHaZo-Q,2VR_Studio,HK,3
粟米,,UC3HHRGOL7AAlU1tngparLDA,粟米肉粒,HK,3
肉粒,,UCZt_1bWYfgL9TcaRYFRGgzQ,粟米肉粒,HK,3
奎倫,,UCZupm9y5bp2DM-EneUa1IXQ,,HK,3
愛露露,,UCz5qDQ8F6ISgJYbqpN1zu1Q,,HK,3
雨宮みずき,,UCVAoNLw6gbC9c_gsoC3LkAA,,HK,3
瑪瑙イノシ,,UCM7mURkxacuhzwsOIQX4DRA,,HK,3
宗樹,,UCz10h0t2CAZJeJI2UbcZS-g,,HK,3
##Macau Vtuber,,,,,
うなぎ,,UCH2PRcRkDt4FhdJeqcSzezw,,MO,3
飯團泉,,UC6OYYBmyn-7vnWeZtPzeWbw,2VR_Studio,MO,3
##Malaysia Vtuber,,,,,
秋月イノリ,,UCSSqkGEa3TlzHkvvGabwT_g,ナヤ家,MY,3
黒田翔隼,,UC1rSuwgon95ORR18P_HuyRw,ナヤ家,MY,3
閻,,UCcYxUF_Wev7U7H9F9cSn_TA,,MY,3
##Unknown Nationalaity Vtuber,,,,,
流霜絢目,,UCB3nyzC_7iJY22aHGiVL8jg,ナヤ家,JP,3
千秋薯,,UCYH8b76CrBUEfS7So_Zv09g,,CA,3
心花りりゆ,,UCut-SQvUf8Jj6dLNLC9lOOg,超異界通信+,JP,3
